"Time (s)","Latitude (°)","Longitude (°)","Height (m)","Velocity (m/s)","Direction (°)","Horizontal Accuracy (m)","Vertical Accuracy (m)"
1.645470999E0,6.508784093E1,2.538442266E1,-3.591315542E1,0.000000000E0,NaN,4.800000000E1,1.673374786E2
2.665613844E0,6.508801898E1,2.538538926E1,1.147789130E1,1.212003708E0,8.734480286E1,2.400000000E1,4.072319031E1
3.692959036E0,6.508799415E1,2.538540231E1,8.496389013E0,1.304718137E0,1.049060364E2,8.000000000E0,1.154822159E1
4.725022689E0,6.508799863E1,2.538542054E1,9.205536658E0,1.251322746E0,1.075126495E2,6.000000000E0,8.462469101E0
5.699304457E0,6.508799123E1,2.538544294E1,6.103696382E0,1.228373766E0,1.150187988E2,6.000000000E0,7.712236404E0
6.709052457E0,6.508798407E1,2.538547025E1,5.042931596E0,1.244583964E0,1.341104736E2,6.000000000E0,6.971380234E0
7.689858687E0,6.508797185E1,2.538548625E1,4.082767948E0,1.290221095E0,1.541742096E2,6.000000000E0,6.496605396E0
8.707794955E0,6.508795832E1,2.538550109E1,3.782509192E0,1.346971512E0,1.520911407E2,4.000000000E0,6.187410831E0
9.694156455E0,6.508794254E1,2.538551503E1,2.854155105E0,1.398139596E0,1.528555298E2,4.000000000E0,5.866440773E0
1.071228811E1,6.508792801E1,2.538552668E1,2.224926504E0,1.407881141E0,1.552196503E2,4.000000000E0,5.657711983E0
1.170661380E1,6.508791607E1,2.538553402E1,2.086152185E0,1.404011488E0,1.551657104E2,4.000000000E0,5.519625187E0
1.270445765E1,6.508790338E1,2.538554595E1,2.220936201E0,1.415815949E0,1.554473419E2,6.000000000E0,5.423612118E0
1.371049003E1,6.508788994E1,2.538556163E1,1.678343889E0,1.429854393E0,1.557246857E2,6.000000000E0,5.350234985E0
1.470302072E1,6.508787802E1,2.538557598E1,1.162228257E0,1.437735796E0,1.483008118E2,6.000000000E0,5.240559578E0
1.569963549E1,6.508786659E1,2.538559334E1,7.774690557E-1,1.438108683E0,1.540665894E2,6.000000000E0,5.140387058E0
1.669864249E1,6.508785423E1,2.538561226E1,5.123078874E-1,1.466760397E0,1.554115906E2,6.000000000E0,5.055851936E0
1.769662668E1,6.508784284E1,2.538563746E1,1.840166923E-1,1.496062994E0,1.530095215E2,6.000000000E0,4.984317303E0
1.869518279E1,6.508782902E1,2.538565598E1,-8.510465930E-2,1.499382019E0,1.529532623E2,6.000000000E0,4.935972214E0
1.970762002E1,6.508781739E1,2.538566902E1,-2.050471988E-1,1.480081320E0,1.579567719E2,6.000000000E0,4.893127441E0
2.070195579E1,6.508780335E1,2.538568739E1,-7.450465981E-1,1.488862634E0,1.625688477E2,6.000000000E0,4.843106270E0
2.168758187E1,6.508778987E1,2.538569563E1,-9.491914424E-1,1.469507337E0,1.640519104E2,6.000000000E0,4.787499905E0
2.268873064E1,6.508777987E1,2.538570827E1,-7.758580737E-1,1.406322718E0,1.694952545E2,6.000000000E0,4.732628345E0
2.372093960E1,6.508776931E1,2.538572324E1,-1.045445461E0,1.379058361E0,1.831656952E2,6.000000000E0,4.683294773E0
2.470421402E1,6.508775667E1,2.538572411E1,-1.733449355E0,1.409138322E0,1.948083344E2,6.000000000E0,4.662832737E0
2.570909025E1,6.508774126E1,2.538571264E1,-2.377575232E0,1.460149527E0,1.914869537E2,6.000000000E0,4.661633015E0
2.669990490E1,6.508772895E1,2.538571581E1,-2.776959349E0,1.450706482E0,1.763486633E2,6.000000000E0,4.680127144E0
2.768894671E1,6.508771996E1,2.538571726E1,-2.960051813E0,1.409671545E0,1.797763824E2,6.000000000E0,4.669040203E0
2.870382975E1,6.508771060E1,2.538572125E1,-2.587899860E0,1.370647430E0,1.782079010E2,6.000000000E0,4.750277519E0
2.970428829E1,6.508770044E1,2.538572509E1,-2.408134060E0,1.348484993E0,1.801944122E2,6.000000000E0,4.839686871E0
3.069806863E1,6.508768961E1,2.538572832E1,-2.204783539E0,1.336839676E0,1.796126862E2,6.000000000E0,4.938491821E0
3.169419375E1,6.508767846E1,2.538573260E1,-2.292681170E0,1.318722963E0,1.783808746E2,6.000000000E0,5.028605461E0
3.269806959E1,6.508767229E1,2.538575072E1,-2.243116230E0,1.293771744E0,1.681700287E2,6.000000000E0,5.097975254E0
3.368730205E1,6.508766365E1,2.538576320E1,-2.113311395E0,1.276401520E0,1.653521118E2,6.000000000E0,5.178793907E0
3.468654598E1,6.508765249E1,2.538577825E1,-2.074136469E0,1.281608939E0,1.646548920E2,6.000000000E0,5.247505665E0
3.569550167E1,6.508764682E1,2.538579787E1,-2.098797601E0,1.262709618E0,1.644684143E2,6.000000000E0,5.292188168E0
3.669427044E1,6.508763934E1,2.538581637E1,-1.657571295E0,1.252826571E0,1.642518005E2,6.000000000E0,5.329372406E0
3.769639855E1,6.508762882E1,2.538584783E1,-1.551883914E0,1.292622328E0,1.557629852E2,6.000000000E0,5.378197670E0
3.870612228E1,6.508761620E1,2.538588475E1,-1.395513264E0,1.356430292E0,1.488736572E2,6.000000000E0,5.244175911E0
3.969792047E1,6.508760142E1,2.538592541E1,-1.139257489E0,1.438125610E0,1.535368195E2,6.000000000E0,5.091567993E0
4.071361720E1,6.508758865E1,2.538598232E1,-4.334924600E-1,1.092244387E0,1.532024689E2,6.000000000E0,4.843956947E0
4.169708232E1,6.508757511E1,2.538601783E1,-2.354006417E-1,1.529845476E0,1.389719696E2,6.000000000E0,4.606222630E0
4.269933766E1,6.508755818E1,2.538604410E1,-6.366803156E-1,1.710340977E0,1.488921051E2,6.000000000E0,4.422593117E0
4.369695747E1,6.508754288E1,2.538606879E1,-1.079474299E0,1.755311370E0,1.468154602E2,6.000000000E0,4.270887375E0
4.469985654E1,6.508752688E1,2.538608339E1,-1.104294076E0,1.754432917E0,1.501376648E2,6.000000000E0,4.135357380E0
4.570912481E1,6.508750682E1,2.538610718E1,-4.992060846E-1,1.856714725E0,1.521840515E2,6.000000000E0,3.989825010E0
4.669186566E1,6.508749410E1,2.538612321E1,-5.996533703E-2,1.777474761E0,1.565544739E2,6.000000000E0,3.859590769E0
4.769242693E1,6.508748025E1,2.538614091E1,1.389668564E-1,1.748656511E0,1.520978241E2,6.000000000E0,3.755009651E0
4.870930966E1,6.508746416E1,2.538615746E1,-1.687626579E-1,1.754401207E0,1.554705048E2,4.000000000E0,3.669062138E0
4.970504220E1,6.508744902E1,2.538616518E1,-5.362077970E-1,1.729438901E0,1.646282806E2,4.000000000E0,3.565706253E0
5.070221492E1,6.508743395E1,2.538618397E1,-5.364238085E-2,1.728415132E0,1.600684509E2,4.000000000E0,3.477322102E0
5.170357819E1,6.508742446E1,2.538620814E1,1.983640442E-1,1.687346458E0,1.489970551E2,4.000000000E0,3.398731470E0
5.269039473E1,6.508740925E1,2.538624618E1,6.638847450E-1,1.750261784E0,1.484080658E2,4.000000000E0,3.278458595E0
5.370576050E1,6.508739567E1,2.538627526E1,1.037755401E0,1.765605450E0,1.430418091E2,4.000000000E0,3.142791510E0
5.470174892E1,6.508738241E1,2.538630787E1,9.273398986E-1,1.785099864E0,1.405683594E2,4.000000000E0,3.017811060E0
5.571028761E1,6.508737105E1,2.538633170E1,8.341637541E-1,1.760685921E0,1.467628632E2,4.000000000E0,3.000000000E0
5.671052304E1,6.508736063E1,2.538634636E1,9.018677631E-1,1.716510177E0,1.476761322E2,4.000000000E0,3.000000000E0
5.770517004E1,6.508734724E1,2.538636355E1,8.596689843E-1,1.704757810E0,1.469657898E2,4.000000000E0,3.000000000E0
5.869561034E1,6.508733706E1,2.538637638E1,7.855092944E-1,1.662080050E0,1.449495087E2,4.000000000E0,3.000000000E0
5.969285076E1,6.508732736E1,2.538639025E1,9.270428499E-1,1.622533798E0,1.445133667E2,4.000000000E0,3.000000000E0
6.071136173E1,6.508731386E1,2.538641167E1,9.530609228E-1,1.632554531E0,1.471506653E2,4.000000000E0,3.000000000E0
6.169649180E1,6.508730110E1,2.538642810E1,8.397348570E-1,1.632972956E0,1.489128571E2,4.000000000E0,3.000000000E0
6.269642811E1,6.508728677E1,2.538644962E1,9.355091885E-1,1.656720281E0,1.478946686E2,4.000000000E0,3.000000000E0
6.369635534E1,6.508727510E1,2.538647173E1,1.020781541E0,1.656678796E0,1.487458954E2,4.000000000E0,3.000000000E0
6.469436299E1,6.508726462E1,2.538647594E1,9.477512817E-1,1.617559910E0,1.672085571E2,4.000000000E0,3.000000000E0
6.570373618E1,6.508725423E1,2.538647350E1,9.064031739E-1,1.581026912E0,1.814670105E2,4.000000000E0,3.000000000E0
6.669602541E1,6.508724457E1,2.538646402E1,8.315269170E-1,1.545739532E0,1.926524048E2,4.000000000E0,3.000000000E0
6.769565480E1,6.508723514E1,2.538645333E1,7.520160991E-1,1.512801170E0,2.066784668E2,4.000000000E0,3.000000000E0
6.869068507E1,6.508722721E1,2.538642681E1,7.817542559E-1,1.509465694E0,2.192845001E2,4.000000000E0,3.000000000E0
6.969262864E1,6.508722136E1,2.538639778E1,8.210970696E-1,1.506179094E0,2.261110382E2,4.000000000E0,3.000000000E0
7.068091760E1,6.508721492E1,2.538636950E1,9.054685052E-1,1.497496843E0,2.273262939E2,4.000000000E0,3.000000000E0
7.170088006E1,6.508721115E1,2.538634447E1,7.129079308E-1,1.465647459E0,2.293816528E2,4.000000000E0,3.000000000E0
7.270158349E1,6.508720590E1,2.538632321E1,5.368479370E-1,1.425496817E0,2.310548859E2,4.000000000E0,3.000000000E0
7.369869779E1,6.508720294E1,2.538630460E1,5.336781517E-1,1.375342727E0,2.361790619E2,4.000000000E0,3.000000000E0
7.470276175E1,6.508719837E1,2.538628347E1,-1.446749039E-1,1.348705769E0,2.317493896E2,4.000000000E0,3.000000000E0
7.569693325E1,6.508719383E1,2.538626020E1,-1.835227549E-1,1.332862377E0,2.373958435E2,4.000000000E0,3.046568632E0
7.669841841E1,6.508718831E1,2.538623081E1,5.289454985E-3,1.349241495E0,2.379989777E2,6.000000000E0,3.227935791E0
7.768459683E1,6.508717826E1,2.538619871E1,-1.073598503E-1,1.402379990E0,2.333263855E2,6.000000000E0,3.397394419E0
7.869420717E1,6.508716715E1,2.538614979E1,6.032839223E-1,1.502870917E0,2.361094971E2,6.000000000E0,3.540261984E0
7.968652587E1,6.508715788E1,2.538611284E1,9.407426814E-1,1.541040659E0,2.361424866E2,6.000000000E0,3.684634924E0
8.071674260E1,6.508715147E1,2.538608788E1,-1.556401820E-1,1.530144453E0,2.305644531E2,4.000000000E0,3.678975582E0
8.169270156E1,6.508713770E1,2.538605520E1,-2.669705583E-2,1.577115774E0,2.273530731E2,4.000000000E0,3.685613871E0
8.269695913E1,6.508712944E1,2.538602621E1,3.314016112E-1,1.578184247E0,2.329509735E2,4.000000000E0,3.717537165E0
8.370575790E1,6.508712269E1,2.538599671E1,6.816019117E-1,1.579721332E0,2.357555084E2,4.000000000E0,3.740157604E0
8.470904244E1,6.508711469E1,2.538596218E1,9.329157034E-1,1.602265954E0,2.350614319E2,4.000000000E0,3.771352530E0
8.569388640E1,6.508710575E1,2.538592706E1,1.330856350E0,1.623358011E0,2.355868378E2,4.000000000E0,3.800976515E0
8.670262386E1,6.508709801E1,2.538589834E1,1.405008488E0,1.621437430E0,2.356642609E2,4.000000000E0,3.811577320E0
8.770243875E1,6.508708772E1,2.538586051E1,1.128515477E0,1.661051035E0,2.376993561E2,4.000000000E0,3.803329706E0
8.868903994E1,6.508707840E1,2.538582590E1,9.694508659E-1,1.678040862E0,2.374383240E2,4.000000000E0,3.815208673E0
8.971568332E1,6.508707146E1,2.538579680E1,7.332491070E-1,1.671608925E0,2.363017883E2,4.000000000E0,3.810380936E0
9.070445401E1,6.508706053E1,2.538576104E1,1.150656033E0,1.702380538E0,2.336843262E2,4.000000000E0,3.778457642E0
9.170390359E1,6.508705178E1,2.538573047E1,7.857568882E-1,1.703998685E0,2.333517761E2,4.000000000E0,3.755213737E0
9.268861736E1,6.508704462E1,2.538570166E1,9.202901771E-1,1.692963839E0,2.347177277E2,4.000000000E0,3.714601994E0
9.369788420E1,6.508703789E1,2.538568159E1,1.018511317E0,1.653306723E0,2.342373199E2,4.000000000E0,3.668504000E0
9.469558709E1,6.508702975E1,2.538565345E1,1.100062542E0,1.641742945E0,2.327785339E2,4.000000000E0,3.642472982E0
9.568816116E1,6.508702167E1,2.538562909E1,1.086079687E0,1.622843385E0,2.318589172E2,4.000000000E0,3.608134747E0
9.669078997E1,6.508701242E1,2.538560361E1,1.491175561E0,1.612936974E0,2.309991608E2,4.000000000E0,3.570520401E0
9.770146301E1,6.508700603E1,2.538558070E1,1.666445795E0,1.573473215E0,2.332945862E2,4.000000000E0,3.567242622E0
9.870774043E1,6.508700393E1,2.538557236E1,9.734156754E-1,1.481318712E0,2.335871124E2,4.000000000E0,3.578091145E0
9.970917912E1,6.508699446E1,2.538555047E1,7.842863787E-1,1.473381758E0,2.327356110E2,4.000000000E0,3.586086035E0
1.007116878E2,6.508698611E1,2.538552935E1,1.006525417E0,1.453274131E0,2.305595398E2,4.000000000E0,3.595495701E0
1.016915726E2,6.508697918E1,2.538551136E1,7.060995237E-1,1.425209045E0,2.236866913E2,4.000000000E0,3.615228891E0
1.027053768E2,6.508696676E1,2.538548738E1,7.270042087E-1,1.453114510E0,2.219508362E2,4.000000000E0,3.638550043E0
1.036970162E2,6.508695361E1,2.538546486E1,9.873570479E-1,1.475914717E0,2.204290924E2,4.000000000E0,3.664788008E0
1.047142437E2,6.508694469E1,2.538544865E1,7.732087211E-1,1.457249165E0,2.184433594E2,4.000000000E0,3.687431574E0
1.057015358E2,6.508693239E1,2.538542588E1,1.198977104E0,1.481057763E0,2.181658630E2,4.000000000E0,3.687197447E0
1.067009541E2,6.508691806E1,2.538540257E1,1.317619497E0,1.516607046E0,2.180005646E2,4.000000000E0,3.664044142E0
1.077069171E2,6.508690503E1,2.538537713E1,1.150906370E0,1.549047112E0,2.152371979E2,4.000000000E0,3.651312828E0
1.087095532E2,6.508689085E1,2.538534647E1,6.578414538E-1,1.597742438E0,2.150852203E2,4.000000000E0,3.632475853E0
1.096943210E2,6.508687764E1,2.538531805E1,5.802880365E-1,1.623911142E0,2.197802582E2,4.000000000E0,3.587733030E0
1.106990019E2,6.508686661E1,2.538529784E1,8.207726156E-1,1.617863655E0,2.203772430E2,4.000000000E0,3.564441681E0
1.117041420E2,6.508685404E1,2.538527443E1,1.083648550E0,1.631061554E0,2.208562775E2,4.000000000E0,3.551922321E0
1.126974218E2,6.508684099E1,2.538524687E1,1.090480663E0,1.656131029E0,2.223860168E2,4.000000000E0,3.516194820E0
1.137035312E2,6.508683043E1,2.538522670E1,9.442886967E-1,1.644020557E0,2.200407410E2,4.000000000E0,3.480030060E0
1.146895526E2,6.508681808E1,2.538520620E1,1.518611714E0,1.644390821E0,2.164947205E2,4.000000000E0,3.291336060E0
1.157024814E2,6.508680588E1,2.538518482E1,1.518871489E0,1.646172523E0,2.156455536E2,4.000000000E0,3.228286266E0
1.166930809E2,6.508679175E1,2.538516146E1,1.592108014E0,1.671058059E0,2.148126373E2,4.000000000E0,3.168780565E0
1.176868027E2,6.508677589E1,2.538513263E1,1.599874780E0,1.715693235E0,2.150599670E2,4.000000000E0,3.137500525E0
1.186924814E2,6.508676154E1,2.538511258E1,1.715766744E0,1.726030350E0,2.136568756E2,4.000000000E0,3.116925478E0
1.196910764E2,6.508674879E1,2.538509566E1,1.772538784E0,1.720431805E0,2.130584869E2,4.000000000E0,3.101423025E0
1.207028602E2,6.508673534E1,2.538507959E1,1.827431147E0,1.714215994E0,2.112137909E2,4.000000000E0,3.093805313E0
1.216934378E2,6.508672370E1,2.538506961E1,1.782133422E0,1.685264468E0,2.093103485E2,4.000000000E0,3.093518972E0
1.226987579E2,6.508671264E1,2.538505513E1,1.837376948E0,1.660977125E0,2.053157043E2,4.000000000E0,3.077473640E0
1.237052786E2,6.508670150E1,2.538504068E1,1.939171843E0,1.637965798E0,2.054542694E2,4.000000000E0,3.000000000E0
1.246916386E2,6.508668964E1,2.538502217E1,2.107458411E0,1.630662203E0,2.093819580E2,4.000000000E0,3.000000000E0
1.256909351E2,6.508667644E1,2.538500894E1,1.763388331E0,1.626828551E0,2.090816193E2,4.000000000E0,3.000000000E0
1.267028739E2,6.508666202E1,2.538499115E1,1.810754377E0,1.634131789E0,2.083851776E2,4.000000000E0,3.000000000E0
1.276953780E2,6.508665203E1,2.538497993E1,1.702883924E0,1.592038870E0,2.114852905E2,4.000000000E0,3.000000000E0
1.286883193E2,6.508664333E1,2.538495960E1,1.861633169E0,1.567809582E0,2.158240662E2,4.000000000E0,3.000000000E0
1.296971018E2,6.508663434E1,2.538492608E1,2.066197304E0,1.589552402E0,2.152194519E2,4.000000000E0,3.000000000E0
1.306858915E2,6.508662052E1,2.538490221E1,2.074147829E0,1.608785033E0,2.213068542E2,4.000000000E0,3.000000000E0
1.316944677E2,6.508661502E1,2.538487658E1,1.849991067E0,1.590718865E0,2.345210724E2,4.000000000E0,3.000000000E0
1.326879801E2,6.508661582E1,2.538483424E1,1.890300387E0,1.622035265E0,2.470922241E2,4.000000000E0,3.000000000E0
1.337012602E2,6.508661858E1,2.538480025E1,1.922569671E0,1.620631933E0,2.667021484E2,4.000000000E0,3.000000000E0
1.346943045E2,6.508662254E1,2.538476355E1,1.960986483E0,1.630322218E0,2.754458618E2,4.000000000E0,3.000000000E0
1.356978915E2,6.508662820E1,2.538472523E1,2.087928389E0,1.649641752E0,2.812953186E2,4.000000000E0,3.000000000E0
1.367046586E2,6.508663251E1,2.538468705E1,2.043915416E0,1.662244320E0,2.828313599E2,4.000000000E0,3.000000000E0
1.376906557E2,6.508663832E1,2.538465046E1,2.039610250E0,1.681120992E0,2.902894897E2,4.000000000E0,3.000000000E0
1.386971295E2,6.508664526E1,2.538459673E1,1.924857404E0,1.751845837E0,2.856210022E2,4.000000000E0,3.000000000E0
1.396944331E2,6.508664915E1,2.538456151E1,2.034401604E0,1.743273377E0,2.875615234E2,4.000000000E0,3.000000000E0
1.407060462E2,6.508665583E1,2.538453284E1,1.396445676E0,1.727541685E0,2.885351868E2,4.000000000E0,3.000000000E0
1.416871244E2,6.508666259E1,2.538449363E1,1.185348274E0,1.740529895E0,2.915348511E2,4.000000000E0,3.000000000E0
1.427073384E2,6.508666547E1,2.538446524E1,9.136973301E-1,1.701260805E0,2.882026062E2,4.000000000E0,3.000000000E0
1.436934559E2,6.508666660E1,2.538444062E1,8.698720533E-1,1.650164366E0,2.876608276E2,4.000000000E0,3.000000000E0
1.446918156E2,6.508667122E1,2.538439823E1,1.653095909E0,1.675278306E0,2.866527405E2,4.000000000E0,3.000000000E0
1.457105788E2,6.508667781E1,2.538436328E1,1.645513963E0,1.676707983E0,2.848541565E2,4.000000000E0,3.000000000E0
1.466998137E2,6.508668023E1,2.538433944E1,1.479368977E0,1.632747054E0,2.864183350E2,4.000000000E0,3.000000000E0
1.477101815E2,6.508668701E1,2.538430822E1,1.208146533E0,1.625087976E0,2.843754883E2,4.000000000E0,3.000000000E0
1.486951686E2,6.508668975E1,2.538428487E1,8.376845011E-1,1.577286243E0,2.871926270E2,4.000000000E0,3.000000000E0
1.496880161E2,6.508669536E1,2.538426035E1,8.596961845E-1,1.552196026E0,2.942415771E2,4.000000000E0,3.000000000E0
1.506984356E2,6.508670185E1,2.538422314E1,1.029977967E0,1.572026253E0,2.956831055E2,4.000000000E0,3.000000000E0
1.516992348E2,6.508670980E1,2.538419847E1,1.213119273E0,1.554856062E0,2.990673523E2,4.000000000E0,3.000000000E0
1.526900805E2,6.508671634E1,2.538417295E1,1.547891434E0,1.535785437E0,2.983448792E2,4.000000000E0,3.000000000E0
1.536919268E2,6.508672136E1,2.538414301E1,1.417002260E0,1.524371862E0,2.991420288E2,4.000000000E0,3.000000000E0
1.546919666E2,6.508673023E1,2.538411399E1,1.697906203E0,1.530971050E0,3.030898132E2,4.000000000E0,3.000000000E0
1.556847564E2,6.508673850E1,2.538409255E1,9.426871125E-1,1.515563011E0,3.105706177E2,4.000000000E0,3.000000000E0
1.566864476E2,6.508674924E1,2.538406814E1,9.908187548E-1,1.524926662E0,3.157091675E2,4.000000000E0,3.000000000E0
1.576867843E2,6.508675822E1,2.538404303E1,1.365420260E0,1.524215221E0,3.135830994E2,4.000000000E0,3.000000000E0
1.586948205E2,6.508676721E1,2.538401628E1,1.484416460E0,1.525564313E0,3.141103821E2,4.000000000E0,3.000000000E0
1.596871020E2,6.508677550E1,2.538399339E1,1.448814520E0,1.512444258E0,3.153424072E2,4.000000000E0,3.000000000E0
1.606929740E2,6.508678432E1,2.538397438E1,1.501528058E0,1.490775466E0,3.137660217E2,4.000000000E0,3.000000000E0
1.616845696E2,6.508679023E1,2.538396156E1,1.563348624E0,1.441324234E0,3.134588928E2,4.000000000E0,3.000000000E0
1.626888896E2,6.508679981E1,2.538394207E1,1.574857832E0,1.438753128E0,3.217243347E2,4.000000000E0,3.000000000E0
1.636922911E2,6.508681337E1,2.538391974E1,1.581392948E0,1.466616750E0,3.273485718E2,4.000000000E0,3.000000000E0
1.647152461E2,6.508682552E1,2.538390321E1,1.589012891E0,1.474432349E0,3.185118408E2,4.000000000E0,3.000000000E0
1.657014486E2,6.508683848E1,2.538387785E1,1.626270133E0,1.500355959E0,3.196326599E2,4.000000000E0,3.000000000E0
1.666911681E2,6.508684959E1,2.538386094E1,1.690793158E0,1.494529247E0,3.261754150E2,4.000000000E0,3.000000000E0
1.677114988E2,6.508686002E1,2.538384358E1,1.710640157E0,1.491538048E0,3.250984497E2,4.000000000E0,3.000000000E0
1.686841080E2,6.508687306E1,2.538382371E1,1.561534297E0,1.506753683E0,3.270921936E2,6.000000000E0,3.000000000E0
1.697041561E2,6.508687858E1,2.538379618E1,1.028721361E0,1.493232608E0,3.208429871E2,6.000000000E0,3.000000000E0
1.707007572E2,6.508688686E1,2.538378134E1,9.654685777E-1,1.462893605E0,3.183275757E2,6.000000000E0,3.000000000E0
1.717026425E2,6.508689876E1,2.538375149E1,1.213374560E0,1.491241932E0,3.162793274E2,6.000000000E0,3.000000000E0
1.726928188E2,6.508691093E1,2.538373842E1,1.810648598E0,1.483271837E0,3.358881226E2,6.000000000E0,3.000000000E0
1.736990321E2,6.508692233E1,2.538372262E1,1.723083354E0,1.477325320E0,3.301448059E2,6.000000000E0,3.000000000E0
1.746965835E2,6.508693661E1,2.538370550E1,1.814410283E0,1.495639801E0,3.248659668E2,6.000000000E0,3.000000000E0
1.757083014E2,6.508694906E1,2.538368868E1,1.863247081E0,1.494811416E0,3.210188293E2,6.000000000E0,3.000000000E0
1.767085540E2,6.508695788E1,2.538367652E1,1.733133367E0,1.464577913E0,3.232280884E2,4.000000000E0,3.000000000E0
1.776908481E2,6.508697319E1,2.538366204E1,1.691081253E0,1.491863132E0,3.295791931E2,4.000000000E0,3.000000000E0
1.787043200E2,6.508698746E1,2.538364205E1,2.040909236E0,1.516027331E0,3.330760193E2,4.000000000E0,3.000000000E0
1.796948127E2,6.508700007E1,2.538362706E1,1.831052163E0,1.518201113E0,3.346662292E2,4.000000000E0,3.000000000E0
1.806909018E2,6.508701408E1,2.538360865E1,1.902585077E0,1.535105944E0,3.297439575E2,4.000000000E0,3.000000000E0
1.817025755E2,6.508702828E1,2.538359232E1,1.949888721E0,1.546609759E0,3.314051514E2,4.000000000E0,3.000000000E0
1.826937869E2,6.508704221E1,2.538357674E1,2.373704581E0,1.555840611E0,3.262986755E2,4.000000000E0,3.000000000E0
1.837071548E2,6.508705355E1,2.538355033E1,2.304559542E0,1.567294836E0,3.258893433E2,4.000000000E0,3.000000000E0
1.847020874E2,6.508706308E1,2.538353404E1,2.166385316E0,1.541742086E0,3.255706787E2,4.000000000E0,3.000000000E0
1.856903667E2,6.508707338E1,2.538351609E1,2.077564234E0,1.533576965E0,3.250765686E2,4.000000000E0,3.000000000E0
1.866935312E2,6.508708858E1,2.538349186E1,2.070929454E0,1.569975138E0,3.235110474E2,4.000000000E0,3.000000000E0
1.876957909E2,6.508710101E1,2.538347434E1,1.952124044E0,1.566923857E0,3.267988281E2,4.000000000E0,3.000000000E0
1.887080412E2,6.508711551E1,2.538345784E1,2.194165701E0,1.578811765E0,3.292673950E2,4.000000000E0,3.000000000E0
1.896909805E2,6.508712904E1,2.538343608E1,2.309963420E0,1.594008923E0,3.293120728E2,4.000000000E0,3.000000000E0
1.906998769E2,6.508714030E1,2.538342200E1,2.379925018E0,1.573526859E0,3.302271118E2,4.000000000E0,3.000000000E0
1.917046742E2,6.508714979E1,2.538341161E1,2.260373042E0,1.537992954E0,3.271557312E2,4.000000000E0,3.000000000E0
1.927136370E2,6.508716015E1,2.538339573E1,2.106756837E0,1.522955179E0,3.256661377E2,4.000000000E0,3.000000000E0
1.936907356E2,6.508717206E1,2.538337346E1,1.966071830E0,1.533329010E0,3.306860657E2,4.000000000E0,3.000000000E0
1.947119120E2,6.508718317E1,2.538335672E1,2.045657743E0,1.525385857E0,3.296779175E2,4.000000000E0,3.000000000E0
1.956925354E2,6.508719579E1,2.538334124E1,1.911934941E0,1.524440885E0,3.239625854E2,4.000000000E0,3.000000000E0
1.967062331E2,6.508720867E1,2.538332965E1,1.827171680E0,1.517982841E0,3.299292297E2,4.000000000E0,3.000000000E0
1.977035321E2,6.508721819E1,2.538332225E1,1.813395951E0,1.483142376E0,3.268768616E2,4.000000000E0,3.000000000E0
1.987045360E2,6.508723217E1,2.538330385E1,2.377882646E0,1.502021074E0,3.293431702E2,4.000000000E0,3.000000000E0
1.997034923E2,6.508724508E1,2.538329062E1,2.130482616E0,1.502992630E0,3.471684265E2,4.000000000E0,3.000000000E0
2.007068458E2,6.508725759E1,2.538328106E1,1.969941906E0,1.496377587E0,3.419764099E2,4.000000000E0,3.000000000E0
2.016915674E2,6.508726953E1,2.538327195E1,1.808865514E0,1.482835054E0,3.356465759E2,4.000000000E0,3.000000000E0
2.026965419E2,6.508728026E1,2.538325865E1,1.735441776E0,1.464413643E0,3.373830872E2,4.000000000E0,3.000000000E0
2.037048477E2,6.508729019E1,2.538324485E1,1.980297544E0,1.445147514E0,3.308624573E2,4.000000000E0,3.000000000E0
2.047063010E2,6.508730337E1,2.538322938E1,2.129058166E0,1.452723861E0,3.312434387E2,4.000000000E0,3.000000000E0
2.056929243E2,6.508731307E1,2.538321992E1,1.932817708E0,1.421334982E0,3.326233215E2,4.000000000E0,3.000000000E0
2.066896337E2,6.508731855E1,2.538320424E1,1.646013384E0,1.377659678E0,3.288385620E2,4.000000000E0,3.000000000E0
2.076944095E2,6.508732876E1,2.538318947E1,1.363303195E0,1.365658522E0,3.322083130E2,4.000000000E0,3.000000000E0
2.086926449E2,6.508734085E1,2.538317548E1,1.650368132E0,1.366972804E0,3.338221130E2,4.000000000E0,3.000000000E0
2.097023268E2,6.508735104E1,2.538316048E1,1.849615996E0,1.358500957E0,3.331644287E2,4.000000000E0,3.000000000E0
2.106920992E2,6.508736611E1,2.538313384E1,2.540402622E0,1.412321925E0,3.313730774E2,4.000000000E0,3.000000000E0
2.117061990E2,6.508738058E1,2.538311678E1,2.535836959E0,1.435276270E0,3.333397827E2,4.000000000E0,3.000000000E0
2.127098642E2,6.508739066E1,2.538310397E1,2.410252804E0,1.418701649E0,3.341521912E2,4.000000000E0,3.000000000E0
2.137072320E2,6.508740357E1,2.538308870E1,2.124043615E0,1.423769832E0,3.369855652E2,4.000000000E0,3.000000000E0
2.147061627E2,6.508741155E1,2.538308247E1,2.081911399E0,1.373369932E0,3.347953186E2,4.000000000E0,3.000000000E0
2.156962684E2,6.508742197E1,2.538305910E1,1.469619199E0,1.380798340E0,3.276768799E2,4.000000000E0,3.000000000E0
2.167025012E2,6.508743577E1,2.538303491E1,1.774274664E0,1.416626215E0,3.284038391E2,4.000000000E0,3.000000000E0
2.176851278E2,6.508744690E1,2.538300142E1,1.895842533E0,1.462325454E0,3.288042603E2,4.000000000E0,3.000000000E0
2.186889554E2,6.508746199E1,2.538297490E1,1.980818732E0,1.509587646E0,3.292468567E2,4.000000000E0,3.000000000E0
2.196988748E2,6.508747549E1,2.538295161E1,1.757865640E0,1.522698402E0,3.312685547E2,4.000000000E0,3.000000000E0
2.206856689E2,6.508748104E1,2.538294027E1,1.396595083E0,1.368341804E0,3.315646973E2,4.000000000E0,3.000000000E0
2.216948298E2,6.508748740E1,2.538292745E1,1.641385893E0,1.296728730E0,3.302396851E2,4.000000000E0,3.000000000E0
2.226991685E2,6.508749635E1,2.538291366E1,1.701703635E0,1.259677291E0,3.281464539E2,4.000000000E0,3.000000000E0
2.237078417E2,6.508750485E1,2.538289956E1,1.529671165E0,1.207494617E0,3.270477600E2,4.000000000E0,3.000000000E0
2.247097656E2,6.508751380E1,2.538289006E1,1.739520400E0,1.229676604E0,3.404147339E2,4.000000000E0,3.000000000E0
2.257082022E2,6.508752604E1,2.538287398E1,1.559721465E0,1.237593293E0,3.367292786E2,4.000000000E0,3.000000000E0
2.266974924E2,6.508753591E1,2.538286651E1,1.488923081E0,1.200724006E0,3.368810425E2,4.000000000E0,3.000000000E0
2.277050358E2,6.508754670E1,2.538285629E1,1.473666497E0,1.202387094E0,3.560033264E2,4.000000000E0,3.000000000E0
2.287029208E2,6.508756224E1,2.538286171E1,1.453935012E0,1.237109184E0,3.537055664E2,4.000000000E0,3.000000000E0
2.297096178E2,6.508757426E1,2.538286504E1,1.132914489E0,1.220484853E0,3.592552490E2,4.000000000E0,3.000000000E0
2.306934790E2,6.508758321E1,2.538286806E1,1.155772065E0,1.196100593E0,3.506164246E2,4.000000000E0,3.000000000E0
2.317134540E2,6.508759545E1,2.538284941E1,1.444756110E0,1.227920294E0,3.388820801E2,4.000000000E0,3.000000000E0
2.326915843E2,6.508760722E1,2.538283640E1,1.596944828E0,1.243630409E0,3.336893921E2,4.000000000E0,3.000000000E0
2.336898315E2,6.508762010E1,2.538282240E1,1.724408649E0,1.266093135E0,3.382453003E2,4.000000000E0,3.000000000E0
2.347050827E2,6.508763326E1,2.538281521E1,1.849238986E0,1.281689286E0,3.456518860E2,4.000000000E0,3.000000000E0
2.357086259E2,6.508765528E1,2.538282500E1,3.353076095E0,1.377907515E0,3.597070618E2,4.000000000E0,3.000000000E0
2.366925177E2,6.508767238E1,2.538283646E1,3.447309219E0,1.429159999E0,1.200221062E1,4.000000000E0,3.000000000E0
2.376931028E2,6.508768824E1,2.538285173E1,3.202345175E0,1.463663459E0,2.010857391E1,4.000000000E0,3.000000000E0
2.386968706E2,6.508769863E1,2.538287137E1,3.191504826E0,1.459325910E0,3.170403481E1,4.000000000E0,3.000000000E0
2.396923615E2,6.508770765E1,2.538289003E1,3.467317427E0,1.447075486E0,4.011496735E1,4.000000000E0,3.000000000E0
2.406978000E2,6.508771259E1,2.538292982E1,3.032015319E0,1.482777238E0,5.930320740E1,4.000000000E0,3.000000000E0
2.416900571E2,6.508771831E1,2.538296736E1,3.051649527E0,1.503556728E0,5.915417099E1,4.000000000E0,3.000000000E0
2.427073132E2,6.508772441E1,2.538299812E1,3.104031691E0,1.507730722E0,5.444424438E1,4.000000000E0,3.000000000E0
2.436889454E2,6.508773201E1,2.538303482E1,3.078017760E0,1.533438325E0,5.557963562E1,4.000000000E0,3.000000000E0
2.447085566E2,6.508773960E1,2.538306935E1,3.024201489E0,1.551366210E0,5.955714417E1,4.000000000E0,3.000000000E0
2.457034866E2,6.508774790E1,2.538310090E1,3.054740135E0,1.562757492E0,5.696722794E1,4.000000000E0,3.000000000E0
2.466943505E2,6.508775639E1,2.538312539E1,3.154327437E0,1.550581336E0,4.708832932E1,4.000000000E0,3.000000000E0
2.476921734E2,6.508776606E1,2.538314268E1,3.124168265E0,1.528456211E0,3.731060410E1,4.000000000E0,3.000000000E0
2.487111689E2,6.508777666E1,2.538316143E1,3.130868635E0,1.517397046E0,4.090028381E1,4.000000000E0,3.000000000E0
2.496994961E2,6.508778553E1,2.538318162E1,3.116781901E0,1.493096828E0,3.206518555E1,4.000000000E0,3.000000000E0
2.507057771E2,6.508779208E1,2.538319204E1,3.050127765E0,1.430073142E0,3.902705765E1,4.000000000E0,3.000000000E0
2.516957682E2,6.508779823E1,2.538320263E1,2.964487265E0,1.378846526E0,3.094816017E1,4.000000000E0,3.000000000E0
2.527062278E2,6.508780859E1,2.538322408E1,2.936574427E0,1.384012938E0,3.161552429E1,4.000000000E0,3.000000000E0
2.536945037E2,6.508781865E1,2.538323394E1,2.912434517E0,1.361131549E0,3.255722809E1,4.000000000E0,3.000000000E0
2.546935622E2,6.508782888E1,2.538324119E1,3.208209757E0,1.342608452E0,2.646533203E1,4.000000000E0,3.000000000E0
2.557030795E2,6.508784111E1,2.538325134E1,3.020501569E0,1.347100496E0,2.455499649E1,4.000000000E0,3.000000000E0
2.567128853E2,6.508785131E1,2.538326771E1,3.006554439E0,1.342764378E0,2.284032249E1,6.000000000E0,3.000000000E0
2.576900487E2,6.508786125E1,2.538327643E1,3.142926678E0,1.324994326E0,2.521048355E1,4.000000000E0,3.000000000E0
2.587110042E2,6.508787006E1,2.538329004E1,3.068862733E0,1.305627465E0,2.523118591E1,4.000000000E0,3.000000000E0
2.596937836E2,6.508787750E1,2.538330376E1,3.076314925E0,1.277791739E0,2.778145981E1,4.000000000E0,3.000000000E0
2.606980367E2,6.508788622E1,2.538331369E1,3.163805832E0,1.256718397E0,2.584295464E1,4.000000000E0,3.000000000E0
2.617049130E2,6.508789583E1,2.538332231E1,3.171583008E0,1.239864349E0,2.336875916E1,6.000000000E0,3.000000000E0
2.627006610E2,6.508790263E1,2.538332748E1,3.145949260E0,1.201930523E0,2.089448357E1,6.000000000E0,3.000000000E0
2.637010652E2,6.508791143E1,2.538332994E1,3.068196971E0,1.181360006E0,1.746266174E1,4.000000000E0,3.000000000E0
2.647169840E2,6.508792274E1,2.538333431E1,3.042856519E0,1.183156133E0,1.827533150E1,4.000000000E0,3.000000000E0
2.657110914E2,6.508793412E1,2.538334351E1,3.542900311E0,1.192152262E0,2.149656487E1,4.000000000E0,3.000000000E0
2.666966857E2,6.508794631E1,2.538335544E1,3.520528591E0,1.218132257E0,2.347397995E1,4.000000000E0,3.000000000E0
2.677055481E2,6.508796075E1,2.538337804E1,3.477088385E0,1.273880839E0,3.080635262E1,4.000000000E0,3.000000000E0
2.687056575E2,6.508797038E1,2.538340081E1,3.567569174E0,1.289858937E0,3.839241791E1,4.000000000E0,3.000000000E0
2.697043030E2,6.508797603E1,2.538342575E1,3.562880196E0,1.293880582E0,4.638666916E1,4.000000000E0,3.000000000E0
2.707016127E2,6.508798351E1,2.538345220E1,3.335550060E0,1.307750463E0,5.256190491E1,4.000000000E0,3.000000000E0
2.717036598E2,6.508798794E1,2.538347707E1,3.117337951E0,1.306219339E0,4.826579666E1,4.000000000E0,3.000000000E0
2.727124912E2,6.508799817E1,2.538348425E1,3.165133400E0,1.294815779E0,3.690062714E1,4.000000000E0,3.000000000E0
2.736941460E2,6.508800669E1,2.538349654E1,3.155012319E0,1.276286483E0,2.721778488E1,4.000000000E0,3.000000000E0
2.747092607E2,6.508801516E1,2.538350979E1,3.206159633E0,1.254230738E0,3.093451500E1,4.000000000E0,3.000000000E0
2.757032723E2,6.508802386E1,2.538351121E1,2.882077196E0,1.225303411E0,2.762770462E1,4.000000000E0,3.000000000E0
2.766912973E2,6.508803381E1,2.538352149E1,2.809448880E0,1.216647625E0,2.436060905E1,4.000000000E0,3.000000000E0
2.776945309E2,6.508804206E1,2.538352310E1,2.624020818E0,1.185779572E0,2.064784241E1,4.000000000E0,3.000000000E0
2.786867231E2,6.508805025E1,2.538353051E1,2.905944324E0,1.164826155E0,2.163645363E1,4.000000000E0,3.000000000E0
2.796914271E2,6.508805786E1,2.538354084E1,2.883313519E0,1.144604921E0,2.270970726E1,4.000000000E0,3.000000000E0
2.807029470E2,6.508806678E1,2.538355044E1,2.854033718E0,1.133177519E0,1.999355507E1,4.000000000E0,3.000000000E0
2.816898732E2,6.508807587E1,2.538355564E1,2.877011276E0,1.123116970E0,2.259108925E1,4.000000000E0,3.000000000E0
2.826979162E2,6.508808569E1,2.538357314E1,2.912834165E0,1.139715791E0,3.095753860E1,4.000000000E0,3.000000000E0
2.836930856E2,6.508809527E1,2.538359056E1,2.886927421E0,1.149487257E0,3.508177567E1,4.000000000E0,3.000000000E0
2.847228910E2,6.508810117E1,2.538360338E1,2.852869955E0,1.126971245E0,4.003082657E1,4.000000000E0,3.000000000E0
2.857158031E2,6.508810761E1,2.538362558E1,2.907186495E0,1.132792473E0,5.462830353E1,4.000000000E0,3.000000000E0
2.867079713E2,6.508811235E1,2.538365053E1,2.994503944E0,1.142857790E0,5.858982849E1,4.000000000E0,3.000000000E0
2.877034623E2,6.508811631E1,2.538367371E1,3.068755388E0,1.142196417E0,5.232048416E1,4.000000000E0,3.000000000E0
2.886962629E2,6.508811886E1,2.538369505E1,3.157367940E0,1.128447056E0,6.572962189E1,4.000000000E0,3.000000000E0
2.896874861E2,6.508812356E1,2.538371105E1,3.094561399E0,1.107705712E0,4.455723953E1,4.000000000E0,3.000000000E0
2.906989518E2,6.508813122E1,2.538372916E1,3.066099046E0,1.115470171E0,4.238925171E1,4.000000000E0,3.000000000E0
2.917031202E2,6.508813981E1,2.538374714E1,3.017706429E0,1.121155381E0,4.501340485E1,4.000000000E0,3.000000000E0
2.927062273E2,6.508814842E1,2.538376550E1,2.989501584E0,1.130191326E0,4.122582245E1,4.000000000E0,3.000000000E0
2.936930073E2,6.508815751E1,2.538378838E1,2.958409760E0,1.155166149E0,3.608692169E1,4.000000000E0,3.000000000E0
2.946878058E2,6.508816713E1,2.538380734E1,2.941413558E0,1.171151042E0,3.777441788E1,4.000000000E0,3.000000000E0
2.957049898E2,6.508817528E1,2.538382770E1,2.848267885E0,1.176732302E0,3.965482330E1,4.000000000E0,3.000000000E0
2.967070544E2,6.508818330E1,2.538383692E1,2.761666153E0,1.160098076E0,2.105168915E1,4.000000000E0,3.000000000E0
2.977045963E2,6.508819529E1,2.538384645E1,2.864360762E0,1.176675558E0,2.296336174E1,4.000000000E0,3.000000000E0
2.987064716E2,6.508820428E1,2.538385534E1,2.892665388E0,1.162984133E0,2.504883575E1,4.000000000E0,3.000000000E0
2.997107299E2,6.508820863E1,2.538385327E1,2.770520547E0,1.106721520E0,2.250871468E1,4.000000000E0,3.000000000E0
3.007133477E2,6.508821301E1,2.538384772E1,2.850866129E0,1.057917595E0,1.937229538E1,4.000000000E0,3.000000000E0
3.017023647E2,6.508821900E1,2.538385094E1,2.967941505E0,1.020163536E0,2.173392677E1,4.000000000E0,3.000000000E0
3.027229542E2,6.508821878E1,2.538384976E1,2.189007632E0,8.593819141E-1,2.173392677E1,4.000000000E0,3.000000000E0
